{"cameraMode":{"drawMode":0,"name":"Shaded","section":"Shading Mode"},"sceneLighting":true,"audioPlay":false,"sceneViewState":{"showFog":true,"showMaterialUpdate":false,"showSkybox":true,"showFlares":true,"showImageEffects":true,"showParticleSystems":true,"showVisualEffectGraphs":true,"m_FxEnabled":true},"in2DMode":false,"pivot":{"x":0.18798303604125977,"y":2.109264612197876,"z":9.936957359313965},"rotation":{"x":-0.06743507832288742,"y":-0.019008299335837365,"z":0.0012881148140877486,"w":-0.9975525736808777},"size":8.011041641235352,"orthographic":false}