{"cameraMode":{"drawMode":0,"name":"Shaded","section":"Shading Mode"},"sceneLighting":true,"audioPlay":false,"sceneViewState":{"showFog":true,"showMaterialUpdate":false,"showSkybox":true,"showFlares":true,"showImageEffects":true,"showParticleSystems":true,"showVisualEffectGraphs":true,"m_FxEnabled":true},"in2DMode":false,"pivot":{"x":411.5898742675781,"y":385.776611328125,"z":3.37640380859375},"rotation":{"x":-0.010499619878828526,"y":0.006592570338398218,"z":-0.00007473867299268022,"w":-0.9999424815177918},"size":542.0238037109375,"orthographic":false}