{"cameraMode":{"drawMode":0,"name":"Shaded","section":"Shading Mode"},"sceneLighting":true,"audioPlay":false,"sceneViewState":{"showFog":true,"showMaterialUpdate":false,"showSkybox":true,"showFlares":true,"showImageEffects":true,"showParticleSystems":true,"showVisualEffectGraphs":true,"m_FxEnabled":true},"in2DMode":false,"pivot":{"x":-0.08193259686231613,"y":1.1420518159866334,"z":-0.12464213371276856},"rotation":{"x":-0.1612933725118637,"y":-0.0008945711888372898,"z":0.0001475408935220912,"w":-0.986915111541748},"size":3.7532122135162355,"orthographic":false}