{"cameraMode":{"drawMode":0,"name":"Shaded","section":"Shading Mode"},"sceneLighting":true,"audioPlay":false,"sceneViewState":{"showFog":true,"showMaterialUpdate":false,"showSkybox":true,"showFlares":true,"showImageEffects":true,"showParticleSystems":true,"showVisualEffectGraphs":true,"m_FxEnabled":true},"in2DMode":false,"pivot":{"x":-1.9461915493011475,"y":-4.602256774902344,"z":30.482358932495118},"rotation":{"x":-0.1076728031039238,"y":0.04680385813117027,"z":-0.005064033437520266,"w":-0.9930862784385681},"size":16.081966400146486,"orthographic":false}