{"cameraMode":{"drawMode":0,"name":"Shaded","section":"Shading Mode"},"sceneLighting":true,"audioPlay":false,"sceneViewState":{"showFog":true,"showMaterialUpdate":false,"showSkybox":true,"showFlares":true,"showImageEffects":true,"showParticleSystems":true,"showVisualEffectGraphs":true,"m_FxEnabled":true},"in2DMode":false,"pivot":{"x":-1.0484225749969483,"y":-1.2900683879852296,"z":134.9398956298828},"rotation":{"x":0.10176699608564377,"y":-0.031464021652936938,"z":0.003224393352866173,"w":0.9943126440048218},"size":7.368168830871582,"orthographic":false}