{"cameraMode":{"drawMode":0,"name":"Shaded","section":"Shading Mode"},"sceneLighting":true,"audioPlay":false,"sceneViewState":{"showFog":true,"showMaterialUpdate":false,"showSkybox":true,"showFlares":true,"showImageEffects":true,"showParticleSystems":true,"showVisualEffectGraphs":true,"m_FxEnabled":true},"in2DMode":false,"pivot":{"x":394.8573913574219,"y":337.83013916015627,"z":61.25200653076172},"rotation":{"x":-0.04529125988483429,"y":0.011085537262260914,"z":-0.0005026029539294541,"w":-0.9989126920700073},"size":687.547119140625,"orthographic":false}