{"cameraMode":{"drawMode":0,"name":"Shaded","section":"Shading Mode"},"sceneLighting":true,"audioPlay":false,"sceneViewState":{"showFog":true,"showMaterialUpdate":false,"showSkybox":true,"showFlares":true,"showImageEffects":true,"showParticleSystems":true,"showVisualEffectGraphs":true,"m_FxEnabled":true},"in2DMode":false,"pivot":{"x":-3.603133201599121,"y":15.314537048339844,"z":35.084468841552737},"rotation":{"x":-0.002370579866692424,"y":0.9791989922523499,"z":-0.20257428288459779,"w":-0.011460828594863415},"size":24.190431594848634,"orthographic":false}