{"cameraMode":{"drawMode":0,"name":"Shaded","section":"Shading Mode"},"sceneLighting":true,"audioPlay":false,"sceneViewState":{"showFog":true,"showMaterialUpdate":false,"showSkybox":true,"showFlares":true,"showImageEffects":true,"showParticleSystems":true,"showVisualEffectGraphs":true,"m_FxEnabled":true},"in2DMode":false,"pivot":{"x":-1.809349775314331,"y":4.416664123535156,"z":18.938262939453126},"rotation":{"x":-0.24933181703090669,"y":-0.009593410417437554,"z":0.0024707852862775327,"w":-0.9683802127838135},"size":10.977225303649903,"orthographic":false}