{"cameraMode":{"drawMode":0,"name":"Shaded","section":"Shading Mode"},"sceneLighting":true,"audioPlay":false,"sceneViewState":{"showFog":true,"showMaterialUpdate":false,"showSkybox":true,"showFlares":true,"showImageEffects":true,"showParticleSystems":true},"in2DMode":false,"pivot":{"x":-2.525277614593506,"y":0.7425565719604492,"z":-7.970078468322754},"rotation":{"x":0.15964937210083009,"y":0.0754336267709732,"z":-0.012236524373292923,"w":0.984211802482605},"size":2.098403215408325,"orthographic":false}