{"cameraMode":{"drawMode":0,"name":"Shaded","section":"Shading Mode"},"sceneLighting":true,"audioPlay":false,"sceneViewState":{"showFog":true,"showMaterialUpdate":false,"showSkybox":true,"showFlares":true,"showImageEffects":true,"showParticleSystems":true,"showVisualEffectGraphs":true,"m_FxEnabled":true},"in2DMode":false,"pivot":{"x":1.1470627784729005,"y":2.8434367179870607,"z":1.4437313079833985},"rotation":{"x":-0.04062986001372337,"y":-0.09070273488759995,"z":0.0037035562563687565,"w":-0.995044469833374},"size":14.072020530700684,"orthographic":false}